{
  "method": "autoencoder_kmeans",
  "best_cost": 105.21259200704365,
  "best_params": {
    "latent_dim": 16,
    "n_clusters": 27,
    "epochs": 100,
    "lr": 0.00038282088395712405,
    "dropout": 0.11374654683126606
  },
  "n_clusters": 27,
  "baseline_4sigma": 168.91095550875897,
  "improvement_pct": 37.7112
}