{
  "method": "SpectralClustering",
  "best_cost": 80.86924015916172,
  "best_params": {
    "n_clusters": 42,
    "gamma": 0.0061913209538178166,
    "subsample_n": 8000
  },
  "n_clusters": 42,
  "baseline_4sigma": 168.91095550875897,
  "improvement_pct": 52.1232
}