{
  "method": "isolation_forest_kmeans",
  "best_cost": 158.01093522140405,
  "best_params": {
    "n_clusters": 38,
    "contamination": 0.03829954147028129,
    "n_estimators": 50
  },
  "n_clusters": 39,
  "n_outliers": 2488,
  "baseline_4sigma": 168.91095550875897,
  "improvement_pct": 6.4531
}