{
  "method": "vae_kmeans",
  "best_cost": 84.21154213489271,
  "best_params": {
    "latent_dim": 8,
    "n_clusters": 47,
    "epochs": 100,
    "lr": 0.0001340129524442807,
    "beta_kl": 1.0592095288010694
  },
  "n_clusters": 47,
  "baseline_4sigma": 168.91095550875897,
  "improvement_pct": 50.1444
}