{
  "method": "dt_kmeans_twostage",
  "best_cost": 191.67408905896508,
  "best_params": {
    "dt_max_depth": 6,
    "sub_k": 8,
    "min_samples_leaf": 224
  },
  "n_clusters": 121,
  "baseline_4sigma": 168.91095550875897,
  "baseline_cost": 168.91095550875897,
  "improvement_pct": -13.4764
}