{
  "method": "4sigma_direct_partition",
  "best_cost": 124.21857077907347,
  "best_params": {
    "target_k": 71,
    "n_thresholds": 50,
    "min_split_improvement": 0.003358323210271396
  },
  "n_clusters": 71,
  "baseline_4sigma": 168.91095550875897,
  "improvement_pct": 50.9728
}